iteration,agent_id,loss,reward,ema_reward,entropy
1,fleet_shared,-0.13850222527980804,-4.853462157809984,-4.853462157809984,1.3850222826004028
2,fleet_shared,24.5749454498291,-4.808091787439613,-4.851193639291465,1.3855202198028564
3,fleet_shared,-28.013092041015625,-4.902375201288245,-4.853752717391304,1.3855186700820923
4,fleet_shared,9.94475269317627,-4.835265700483092,-4.852828366545893,1.385454535484314
5,fleet_shared,9.741559982299805,-4.8346618357487925,-4.851920040006038,1.3854612112045288
6,fleet_shared,4.427812099456787,-4.843558776167471,-4.851501976814109,1.38555109500885
7,fleet_shared,-5.21462345123291,-4.860829307568438,-4.8519683433518255,1.3850557804107666
8,fleet_shared,-6.003395080566406,-4.862761674718197,-4.852508009920144,1.3843148946762085
9,fleet_shared,-36.54030990600586,-4.919404186795491,-4.855852818763911,1.385595440864563
10,fleet_shared,-7.932437419891357,-4.870169082125604,-4.856568631931996,1.3856487274169922
11,fleet_shared,0.7210664749145508,-4.854991948470209,-4.856489797758907,1.3856351375579834
12,fleet_shared,-8.003240585327148,-4.870933977455716,-4.8572120067437465,1.3856027126312256
13,fleet_shared,-26.182308197021484,-4.904911433172303,-4.859596978065174,1.3856139183044434
14,fleet_shared,-4.930621147155762,-4.8683977455716585,-4.860037016440499,1.3856931924819946
15,fleet_shared,-23.951427459716797,-4.90378421900161,-4.862224376568554,1.3850319385528564
16,fleet_shared,5.078134536743164,-4.8526570048309186,-4.861746007981672,1.3856525421142578
17,fleet_shared,-33.36957550048828,-4.9227455716586155,-4.86479598616552,1.38567054271698
18,fleet_shared,24.147899627685547,-4.820169082125604,-4.862564640963524,1.385692834854126
19,fleet_shared,-1.2102717161178589,-4.864533011272142,-4.862663059478955,1.3856489658355713
20,fleet_shared,-17.112411499023438,-4.893800322061191,-4.864219922608067,1.3856439590454102
21,fleet_shared,-6.191354751586914,-4.875322061191626,-4.8647750295372445,1.3856240510940552
22,fleet_shared,4.845569133758545,-4.855636070853462,-4.864318081603055,1.38567316532135
23,fleet_shared,15.286014556884766,-4.835990338164251,-4.862901694431114,1.385675072669983
24,fleet_shared,-14.662569999694824,-4.8894927536231885,-4.864231247390718,1.385622501373291
25,fleet_shared,22.315576553344727,-4.822946859903381,-4.8621670280163505,1.3857030868530273
26,fleet_shared,-1.9084290266036987,-4.865418679549114,-4.8623296105929885,1.3856470584869385
27,fleet_shared,18.87830352783203,-4.827415458937198,-4.860583903010199,1.3849626779556274
28,fleet_shared,-10.671993255615234,-4.879911433172302,-4.861550279518305,1.385589599609375
29,fleet_shared,-60.89176559448242,-4.972906602254429,-4.867118095655111,1.38518488407135
30,fleet_shared,5.279224395751953,-4.857165861513688,-4.86662048394804,1.385604977607727
31,fleet_shared,-12.827072143554688,-4.889895330112721,-4.8677842262562745,1.3855440616607666
32,fleet_shared,-3.8972649574279785,-4.874677938808374,-4.868128911883879,1.3854886293411255
33,fleet_shared,5.8941650390625,-4.857085346215781,-4.867576733600474,1.3854488134384155
34,fleet_shared,9.574911117553711,-4.849718196457327,-4.866683806743317,1.385398507118225
35,fleet_shared,-6.0155348777771,-4.877495974235105,-4.867224415117906,1.3854022026062012
36,fleet_shared,32.863582611083984,-4.806803542673109,-4.864203371495665,1.3853317499160767
37,fleet_shared,13.69414234161377,-4.8388486312399355,-4.862935634482878,1.38534414768219
38,fleet_shared,6.9893035888671875,-4.8498792270531395,-4.86228281411139,1.3853743076324463
39,fleet_shared,-2.8398172855377197,-4.867230273752013,-4.862530187093421,1.3853005170822144
40,fleet_shared,0.9652847051620483,-4.860507246376811,-4.86242904005759,1.3851722478866577
41,fleet_shared,-25.889001846313477,-4.909702093397745,-4.864792692724597,1.3852958679199219
42,fleet_shared,4.943227291107178,-4.855475040257649,-4.86432681010125,1.3852696418762207
43,fleet_shared,0.1439611315727234,-4.863808373590983,-4.864300888275737,1.3852252960205078
44,fleet_shared,18.8175106048584,-4.82938808373591,-4.8625552480487455,1.3842865228652954
45,fleet_shared,19.351438522338867,-4.826811594202899,-4.860768065356453,1.385269045829773
46,fleet_shared,4.140536308288574,-4.852898550724637,-4.860374589624862,1.3853061199188232
47,fleet_shared,25.385894775390625,-4.813486312399356,-4.858030175763586,1.3852958679199219
48,fleet_shared,9.070162773132324,-4.841143317230274,-4.857185832836921,1.385223627090454
49,fleet_shared,-21.58556365966797,-4.896578099838969,-4.859155446187023,1.3852695226669312
50,fleet_shared,-7.114710807800293,-4.871940418679548,-4.859794694811649,1.3852094411849976
51,fleet_shared,56.24976348876953,-4.7560789049919485,-4.854608905320664,1.3852485418319702
52,fleet_shared,11.946942329406738,-4.832407407407407,-4.853498830425,1.3851491212844849
53,fleet_shared,-12.490121841430664,-4.876127214170692,-4.854630249612284,1.3851430416107178
54,fleet_shared,-24.064044952392578,-4.898631239935588,-4.856830299128449,1.3850420713424683
55,fleet_shared,32.62669372558594,-4.796578099838969,-4.853817689163974,1.3849998712539673
56,fleet_shared,2.8430895805358887,-4.848349436392915,-4.8535442765254215,1.3849282264709473
57,fleet_shared,-7.0624775886535645,-4.866264090177134,-4.854180267208007,1.3848117589950562
58,fleet_shared,4.4016923904418945,-4.845853462157811,-4.853763926955497,1.384770154953003
59,fleet_shared,2.6223738193511963,-4.848711755233495,-4.853511318369397,1.384785532951355
60,fleet_shared,4.392248153686523,-4.845169082125603,-4.853094206557207,1.3847081661224365
61,fleet_shared,-5.37304162979126,-4.862721417069244,-4.853575567082809,1.3846362829208374
62,fleet_shared,-24.408771514892578,-4.897987117552335,-4.855796144606285,1.3839167356491089
63,fleet_shared,30.351726531982422,-4.79987922705314,-4.853000298728627,1.3845443725585938
64,fleet_shared,21.458541870117188,-4.813405797101449,-4.851020573647268,1.3845831155776978
65,fleet_shared,0.3729829788208008,-4.850080515297906,-4.850973570729799,1.3841043710708618
66,fleet_shared,-0.7932016849517822,-4.852173913043479,-4.851033587845483,1.3844571113586426
67,fleet_shared,-8.278043746948242,-4.865942028985507,-4.851779009902484,1.384429931640625
68,fleet_shared,3.2454893589019775,-4.845571658615137,-4.851468642338117,1.38446044921875
69,fleet_shared,34.39038848876953,-4.787882447665056,-4.848289332604463,1.3842918872833252
70,fleet_shared,-17.155759811401367,-4.87950885668277,-4.849850308808378,1.3839898109436035
71,fleet_shared,51.17205810546875,-4.755032206119162,-4.845109403673917,1.381996512413025
72,fleet_shared,32.45393371582031,-4.785265700483092,-4.842117218514376,1.3839446306228638
73,fleet_shared,2.8448288440704346,-4.836634460547503,-4.841843080616033,1.3838443756103516
74,fleet_shared,29.030263900756836,-4.787882447665057,-4.839145048968484,1.3837634325027466
75,fleet_shared,-35.933189392089844,-4.9047906602254425,-4.842427329531332,1.383486270904541
76,fleet_shared,20.372859954833984,-4.804710144927537,-4.840541470301142,1.3832021951675415
77,fleet_shared,-6.570374488830566,-4.852415458937198,-4.8411351697329446,1.3829842805862427
78,fleet_shared,4.109487056732178,-4.833333333333333,-4.840745077912963,1.3827117681503296
79,fleet_shared,1.3102866411209106,-4.838083735909823,-4.840612010812806,1.3824642896652222
80,fleet_shared,8.583725929260254,-4.824557165861514,-4.839809268565242,1.3823117017745972
81,fleet_shared,11.488266944885254,-4.818438003220612,-4.83874070529801,1.3821709156036377
82,fleet_shared,16.09307289123535,-4.80877616747182,-4.837242478406701,1.3819706439971924
83,fleet_shared,18.263328552246094,-4.803381642512077,-4.835549436611969,1.3817611932754517
84,fleet_shared,28.580074310302734,-4.782367149758454,-4.832890322269293,1.3815799951553345
85,fleet_shared,12.515120506286621,-4.809742351046699,-4.831732923708163,1.3813378810882568
86,fleet_shared,-22.64066505432129,-4.873067632850242,-4.833799659165267,1.3810535669326782
87,fleet_shared,0.6642545461654663,-4.832326892109501,-4.833726020812479,1.381036639213562
88,fleet_shared,7.219054698944092,-4.820209339774557,-4.833050186760583,1.3806025981903076
89,fleet_shared,5.9261579513549805,-4.821859903381642,-4.832490672591636,1.3805603981018066
90,fleet_shared,14.957037925720215,-4.8045893719806765,-4.831095607561087,1.3803887367248535
91,fleet_shared,3.932863235473633,-4.823550724637681,-4.830718363414917,1.38029944896698
92,fleet_shared,-0.6182260513305664,-4.831602254428342,-4.8307625579655875,1.3801555633544922
93,fleet_shared,-7.934020042419434,-4.84500805152979,-4.8314748326437975,1.3800692558288574
94,fleet_shared,0.3629801571369171,-4.830555555555556,-4.831428868789385,1.3799657821655273
95,fleet_shared,0.4679931402206421,-4.830314009661835,-4.831373125833007,1.3798142671585083
96,fleet_shared,2.894817590713501,-4.825805152979066,-4.83109472719031,1.379799246788025
97,fleet_shared,14.624161720275879,-4.803904991948469,-4.829735240428218,1.3795477151870728
98,fleet_shared,8.863590240478516,-4.813123993558777,-4.828904678084745,1.3794218301773071
99,fleet_shared,14.97973346710205,-4.800845410628019,-4.827501714711908,1.3791730403900146
100,fleet_shared,33.02408981323242,-4.766425120772946,-4.82444788501496,1.3793330192565918
101,fleet_shared,19.53192710876465,-4.788083735909822,-4.8226296775597035,1.37905752658844
102,fleet_shared,18.873872756958008,-4.7876811594202895,-4.820882251652733,1.3790103197097778
103,fleet_shared,9.927021026611328,-4.802294685990338,-4.819952873369614,1.3790851831436157
104,fleet_shared,-1.6353687047958374,-4.822705314009662,-4.820090495401615,1.378921627998352
105,fleet_shared,2.019784450531006,-4.81610305958132,-4.8198911236106,1.3787192106246948
106,fleet_shared,-8.95126724243164,-4.836151368760064,-4.820704135868073,1.3788375854492188
107,fleet_shared,4.462090015411377,-4.812198067632851,-4.820278832456312,1.3789454698562622
108,fleet_shared,11.271137237548828,-4.799154589371981,-4.819222620302095,1.378650188446045
109,fleet_shared,-30.14652442932129,-4.874235104669887,-4.821973244520485,1.3784104585647583
110,fleet_shared,-16.56254768371582,-4.852294685990338,-4.823489316593977,1.3786847591400146
111,fleet_shared,2.0857737064361572,-4.8193639291465376,-4.823283047221604,1.3784853219985962
112,fleet_shared,15.417142868041992,-4.794524959742351,-4.821845142847641,1.3784669637680054
113,fleet_shared,-8.955404281616211,-4.838123993558776,-4.822659085383197,1.3782436847686768
114,fleet_shared,-20.80696678161621,-4.860789049919484,-4.824565583610012,1.37800931930542
115,fleet_shared,-3.8276824951171875,-4.831320450885668,-4.824903326973795,1.3781321048736572
116,fleet_shared,-34.480262756347656,-4.88756038647343,-4.828036179948777,1.3779597282409668
117,fleet_shared,-4.159430503845215,-4.835426731078905,-4.828405707505283,1.3775279521942139
118,fleet_shared,11.636558532714844,-4.806803542673109,-4.827325599263673,1.377336025238037
119,fleet_shared,-9.969661712646484,-4.845330112721417,-4.828225824936561,1.377268671989441
120,fleet_shared,15.717209815979004,-4.799074074074074,-4.826768237393437,1.3769868612289429
121,fleet_shared,-10.288569450378418,-4.845531400966183,-4.827706395572074,1.3770052194595337
122,fleet_shared,40.395957946777344,-4.7523752012882445,-4.823939835857883,1.3767107725143433
123,fleet_shared,31.884937286376953,-4.764412238325282,-4.820963455981253,1.3766453266143799
124,fleet_shared,14.051375389099121,-4.794685990338165,-4.819649582699098,1.3764500617980957
125,fleet_shared,-13.449485778808594,-4.844243156199678,-4.8208792613741265,1.3756945133209229
126,fleet_shared,46.651947021484375,-4.7344202898550725,-4.816556312798173,1.3756283521652222
127,fleet_shared,-17.183055877685547,-4.847987117552335,-4.8181278530358815,1.375244379043579
128,fleet_shared,-17.009172439575195,-4.84927536231884,-4.819685228500029,1.3749756813049316
129,fleet_shared,-3.6672861576080322,-4.8262077294685986,-4.820011353548457,1.37482750415802
130,fleet_shared,28.55487823486328,-4.76670692431562,-4.817346132086815,1.3744819164276123
131,fleet_shared,2.722119092941284,-4.812077294685991,-4.817082690216774,1.3741332292556763
132,fleet_shared,25.60482406616211,-4.769162640901771,-4.814686687751023,1.3738553524017334
133,fleet_shared,6.482815265655518,-4.802415458937198,-4.814073126310332,1.3735437393188477
134,fleet_shared,-15.028040885925293,-4.841626409017714,-4.815450790445701,1.37362802028656
135,fleet_shared,7.381307601928711,-4.801529790660226,-4.8147547404564275,1.3731303215026855
136,fleet_shared,1.9341305494308472,-4.8109098228663445,-4.814562494576923,1.3729150295257568
137,fleet_shared,-27.686250686645508,-4.865539452495975,-4.8171113424728755,1.372585415840149
138,fleet_shared,22.364145278930664,-4.7755233494363925,-4.815031942821051,1.372653841972351
139,fleet_shared,-2.569326877593994,-4.819524959742351,-4.815256593667116,1.3722002506256104
140,fleet_shared,-8.059733390808105,-4.8298309178743954,-4.81598530987748,1.3722015619277954
141,fleet_shared,2.5365283489227295,-4.811030595813204,-4.815737574174266,1.3719204664230347
142,fleet_shared,22.9384708404541,-4.7724637681159425,-4.813573883871349,1.3720704317092896
143,fleet_shared,-4.962449550628662,-4.8225442834138486,-4.814022403848474,1.3715938329696655
144,fleet_shared,30.102231979370117,-4.757850241545894,-4.811213795733345,1.3715616464614868
145,fleet_shared,3.6963882446289062,-4.804106280193237,-4.81085841995634,1.3711559772491455
146,fleet_shared,-17.336040496826172,-4.842753623188406,-4.812453180117942,1.3711199760437012
147,fleet_shared,-14.685432434082031,-4.839371980676329,-4.813799120145862,1.3708778619766235
148,fleet_shared,-35.279876708984375,-4.878623188405797,-4.817040323558858,1.3702467679977417
149,fleet_shared,32.29885482788086,-4.756602254428342,-4.814018420102332,1.3703408241271973
150,fleet_shared,4.146206378936768,-4.805998389694041,-4.813617418581917,1.369948387145996
151,fleet_shared,-12.788544654846191,-4.836996779388084,-4.814786386622226,1.369576096534729
152,fleet_shared,-6.7402496337890625,-4.826892109500806,-4.815391672766155,1.3693674802780151
153,fleet_shared,-8.368396759033203,-4.830595813204509,-4.816151879788072,1.3686145544052124
154,fleet_shared,-1.3255856037139893,-4.818357487922706,-4.816262160194804,1.368177056312561
155,fleet_shared,54.30089569091797,-4.713607085346216,-4.811129406452375,1.3676129579544067
156,fleet_shared,44.79473876953125,-4.7270531400966185,-4.806925593134587,1.3674129247665405
157,fleet_shared,15.558770179748535,-4.777898550724638,-4.80547424101409,1.3668125867843628
158,fleet_shared,-6.795349597930908,-4.817713365539452,-4.806086197240358,1.365316390991211
159,fleet_shared,23.63899803161621,-4.761755233494363,-4.803869649053058,1.3655177354812622
160,fleet_shared,13.31555461883545,-4.77878421900161,-4.802615377550485,1.364645004272461
161,fleet_shared,4.841492652893066,-4.793317230273751,-4.802150470186649,1.3636442422866821
162,fleet_shared,-18.00960922241211,-4.834822866344605,-4.803784089994546,1.3636631965637207
163,fleet_shared,-8.23973560333252,-4.818719806763284,-4.804530875832983,1.363186001777649
164,fleet_shared,21.378978729248047,-4.7639694041867955,-4.802502802250673,1.362060546875
165,fleet_shared,-0.046756334602832794,-4.802334943639291,-4.802494409320103,1.3621547222137451
166,fleet_shared,-2.308598518371582,-4.806521739130435,-4.802695775810619,1.3611228466033936
167,fleet_shared,25.10124397277832,-4.755032206119162,-4.800312597326046,1.3605601787567139
168,fleet_shared,19.65316390991211,-4.763405797101449,-4.798467257314816,1.3599097728729248
169,fleet_shared,12.946981430053711,-4.773872785829307,-4.797237533740541,1.3588343858718872
170,fleet_shared,-19.399845123291016,-4.832890499194847,-4.799020182013256,1.3584364652633667
171,fleet_shared,-1.036964774131775,-4.800684380032206,-4.799103391914203,1.3586305379867554
172,fleet_shared,23.009288787841797,-4.755394524959743,-4.79691794856648,1.357491135597229
173,fleet_shared,11.22330093383789,-4.775885668276973,-4.795866334552004,1.3570502996444702
174,fleet_shared,17.618122100830078,-4.762198067632851,-4.794182921206047,1.356365442276001
175,fleet_shared,3.247142791748047,-4.787882447665057,-4.793867897528997,1.3558965921401978
176,fleet_shared,20.16069221496582,-4.755756843800322,-4.791962344842563,1.3556231260299683
177,fleet_shared,6.04060697555542,-4.780394524959743,-4.791383953848422,1.3546514511108398
178,fleet_shared,16.59488296508789,-4.759822866344606,-4.789805899473231,1.354203224182129
179,fleet_shared,28.147865295410156,-4.736392914653784,-4.787135250232259,1.3535388708114624
180,fleet_shared,18.49228858947754,-4.751892109500805,-4.785373093195687,1.3534303903579712
181,fleet_shared,-15.01923942565918,-4.813123993558777,-4.786760638213841,1.353229284286499
182,fleet_shared,39.32600021362305,-4.7128421900161035,-4.783064715803954,1.3512552976608276
183,fleet_shared,34.483524322509766,-4.717190016103059,-4.77977098081891,1.3517333269119263
184,fleet_shared,-9.088665008544922,-4.796376811594203,-4.780601272357674,1.3516626358032227
185,fleet_shared,12.331256866455078,-4.756642512077295,-4.779403334343655,1.3510193824768066
186,fleet_shared,-16.43939781188965,-4.809661835748792,-4.780916259413911,1.3502743244171143
187,fleet_shared,7.404078960418701,-4.766827697262479,-4.780211831306339,1.3492670059204102
188,fleet_shared,18.574106216430664,-4.744685990338164,-4.77843553925793,1.3482238054275513
189,fleet_shared,27.609699249267578,-4.725442834138486,-4.775785904001957,1.3475697040557861
190,fleet_shared,-26.521310806274414,-4.824838969404187,-4.7782385572720685,1.3469616174697876
191,fleet_shared,2.497480869293213,-4.773268921095008,-4.777990075463215,1.3453534841537476
192,fleet_shared,24.597501754760742,-4.731360708534622,-4.775658607116785,1.3439569473266602
193,fleet_shared,5.578808307647705,-4.7650161030595815,-4.775126481913925,1.3436964750289917
194,fleet_shared,35.907997131347656,-4.705032206119163,-4.771621768124187,1.3422369956970215
195,fleet_shared,-0.23789069056510925,-4.771819645732689,-4.771631662004612,1.3411715030670166
196,fleet_shared,-9.629009246826172,-4.789613526570048,-4.772530755232883,1.3413827419281006
197,fleet_shared,-7.096117973327637,-4.785547504025766,-4.773181592672527,1.3396239280700684
198,fleet_shared,3.126680612564087,-4.767069243156199,-4.77287597519671,1.3383564949035645
199,fleet_shared,15.45909309387207,-4.743317230273752,-4.771398037950562,1.338026523590088
200,fleet_shared,19.186071395874023,-4.734903381642512,-4.769573305135159,1.337218165397644
201,fleet_shared,35.81523513793945,-4.701046698872786,-4.766146974822041,1.3368293046951294
202,fleet_shared,7.114686012268066,-4.752294685990337,-4.765454360380455,1.3355002403259277
203,fleet_shared,49.27986145019531,-4.671054750402576,-4.760734379881561,1.335491418838501
204,fleet_shared,8.844630241394043,-4.743518518518519,-4.759873586813408,1.335473656654358
205,fleet_shared,15.370362281799316,-4.730314009661836,-4.75839560795583,1.3349535465240479
206,fleet_shared,22.001605987548828,-4.716062801932367,-4.756278967654657,1.3338298797607422
207,fleet_shared,-5.610895156860352,-4.7665861513687595,-4.756794326840361,1.33342707157135
208,fleet_shared,-14.024162292480469,-4.783172302737521,-4.75811322563522,1.3342252969741821
209,fleet_shared,16.383153915405273,-4.726570048309178,-4.756536066768917,1.3334739208221436
210,fleet_shared,-0.20966815948486328,-4.756682769726248,-4.756543401916784,1.3325012922286987
211,fleet_shared,-21.7447509765625,-4.79633655394525,-4.758533059518207,1.3324284553527832
212,fleet_shared,-2.545093059539795,-4.763123993558776,-4.758762606220236,1.3316630125045776
213,fleet_shared,1.9782485961914062,-4.754790660225442,-4.758564008920495,1.3309675455093384
214,fleet_shared,37.269100189208984,-4.685829307568437,-4.754927273852892,1.329463005065918
215,fleet_shared,-13.31433391571045,-4.780152979066022,-4.756188559113548,1.3297260999679565
216,fleet_shared,9.639005661010742,-4.737278582930758,-4.755243060304409,1.327988624572754
217,fleet_shared,26.43916893005371,-4.704669887278583,-4.752714401653117,1.3267531394958496
218,fleet_shared,38.39347457885742,-4.677616747181965,-4.74895951892956,1.3264086246490479
219,fleet_shared,13.721111297607422,-4.7222624798711745,-4.747624666976641,1.3259456157684326
220,fleet_shared,-1.9936026334762573,-4.751207729468599,-4.74780382010124,1.3237791061401367
221,fleet_shared,-9.306658744812012,-4.765458937198068,-4.748686575956081,1.322631597518921
222,fleet_shared,7.812996864318848,-4.733574879227053,-4.747930991119629,1.3220179080963135
223,fleet_shared,7.816034317016602,-4.732608695652173,-4.747164876346257,1.322487473487854
224,fleet_shared,28.41710662841797,-4.691908212560387,-4.7444020431569625,1.3214478492736816
225,fleet_shared,34.03490447998047,-4.6775362318840585,-4.741058752593317,1.3217167854309082
226,fleet_shared,1.2014342546463013,-4.738486312399355,-4.740930130583619,1.3182882070541382
227,fleet_shared,6.7838897705078125,-4.727737520128825,-4.740270500060879,1.3183856010437012
228,fleet_shared,22.127212524414062,-4.697745571658614,-4.738144253640765,1.317846655845642
229,fleet_shared,7.7040276527404785,-4.722946859903382,-4.737384383953896,1.3171706199645996
230,fleet_shared,39.60942077636719,-4.661473429951692,-4.7335888362537855,1.317490577697754
231,fleet_shared,23.74565315246582,-4.686513687600645,-4.731235078821128,1.3167072534561157
232,fleet_shared,-14.106058120727539,-4.758011272141707,-4.732573888487157,1.3159666061401367
233,fleet_shared,4.879144668579102,-4.723107890499195,-4.732100588587759,1.315536379814148
234,fleet_shared,28.581026077270508,-4.676207729468598,-4.729305945631801,1.3153712749481201
235,fleet_shared,42.94880294799805,-4.644444444444445,-4.725062870572433,1.3146370649337769
236,fleet_shared,-6.924106597900391,-4.73828502415459,-4.7257239782515414,1.3139662742614746
237,fleet_shared,-16.094371795654297,-4.756038647342995,-4.7272397117061145,1.3139175176620483
238,fleet_shared,-11.897231101989746,-4.7502012882447655,-4.728387790533047,1.3112399578094482
239,fleet_shared,-14.733293533325195,-4.756400966183574,-4.729788449315573,1.310428500175476
240,fleet_shared,12.42709732055664,-4.705152979066022,-4.7285566758030955,1.3094170093536377
241,fleet_shared,-20.285985946655273,-4.766787439613526,-4.730468213993617,1.3102298974990845
242,fleet_shared,21.39257049560547,-4.688526570048309,-4.728371131796351,1.3079144954681396
243,fleet_shared,0.4314301013946533,-4.727294685990338,-4.728317309506051,1.3081293106079102
244,fleet_shared,22.940250396728516,-4.682004830917874,-4.726001685576641,1.3055064678192139
245,fleet_shared,14.435943603515625,-4.6980273752012875,-4.724602970057873,1.3035058975219727
246,fleet_shared,12.525354385375977,-4.700402576489533,-4.7233929503794565,1.303161859512329
247,fleet_shared,6.473808765411377,-4.7107890499194855,-4.722762755356458,1.3022938966751099
248,fleet_shared,7.020045757293701,-4.70877616747182,-4.722063425962226,1.3011385202407837
249,fleet_shared,5.670520305633545,-4.710869565217392,-4.721503732924984,1.3018529415130615
250,fleet_shared,-3.400421142578125,-4.727737520128825,-4.721815422285176,1.3011798858642578
251,fleet_shared,13.350936889648438,-4.6954106280193235,-4.7204951825718835,1.3010698556900024
252,fleet_shared,11.553984642028809,-4.697866344605474,-4.719363740673563,1.298282504081726
253,fleet_shared,3.245724678039551,-4.712801932367149,-4.719035650258243,1.2995229959487915
254,fleet_shared,8.043998718261719,-4.702979066022545,-4.718232821046458,1.2998007535934448
255,fleet_shared,31.420124053955078,-4.655636070853462,-4.715102983536808,1.297010898590088
256,fleet_shared,16.139312744140625,-4.683333333333334,-4.713514501026634,1.298552393913269
257,fleet_shared,4.397623538970947,-4.70450885668277,-4.713064218809441,1.2975956201553345
258,fleet_shared,3.3085572719573975,-4.706239935587762,-4.712723004648357,1.297192096710205
259,fleet_shared,22.993791580200195,-4.66694847020934,-4.710434277926406,1.2951933145523071
260,fleet_shared,-1.197181224822998,-4.712560386473429,-4.710540583353757,1.295101284980774
261,fleet_shared,6.002712249755859,-4.698349436392914,-4.709931026005715,1.2947226762771606
262,fleet_shared,-31.007808685302734,-4.77097423510467,-4.712983186460662,1.2949436902999878
263,fleet_shared,-10.150390625,-4.732528180354267,-4.713960436155342,1.2936614751815796
264,fleet_shared,21.051422119140625,-4.67230273752013,-4.711877551223582,1.2937337160110474
265,fleet_shared,15.676392555236816,-4.680998389694042,-4.710333593147105,1.2951496839523315
266,fleet_shared,28.93990707397461,-4.652133655394525,-4.707423596259476,1.293560266494751
267,fleet_shared,11.224615097045898,-4.685104669887278,-4.706307649940865,1.2934945821762085
268,fleet_shared,-3.254732370376587,-4.712520128824477,-4.706618273885045,1.2929850816726685
269,fleet_shared,-4.350793361663818,-4.715056360708534,-4.70704017822622,1.290909767150879
270,fleet_shared,-7.758476734161377,-4.721658615136875,-4.707771100071752,1.2915081977844238
271,fleet_shared,-7.665964603424072,-4.722946859903382,-4.7085298880633335,1.2903534173965454
272,fleet_shared,-1.6066466569900513,-4.711392914653784,-4.708673039392856,1.2914646863937378
273,fleet_shared,-16.40398597717285,-4.740539452495975,-4.710266360048012,1.2917791604995728
274,fleet_shared,-13.361852645874023,-4.736231884057971,-4.71156463624851,1.2903534173965454
275,fleet_shared,11.594511032104492,-4.688727858293077,-4.710422797350739,1.2906150817871094
276,fleet_shared,32.41161346435547,-4.64573268921095,-4.707188291943749,1.2886537313461304
277,fleet_shared,-29.09096908569336,-4.763727858293076,-4.710015270261215,1.28822660446167
278,fleet_shared,8.918182373046875,-4.692109500805153,-4.709119981788412,1.2895678281784058
279,fleet_shared,1.5389589071273804,-4.705797101449275,-4.708953837771454,1.2885487079620361
280,fleet_shared,34.42205047607422,-4.639814814814815,-4.705496886623622,1.288763403892517
281,fleet_shared,2.43496036529541,-4.700322061191627,-4.705238145352022,1.287774682044983
282,fleet_shared,0.7787104845046997,-4.703462157809985,-4.705149345974919,1.287582516670227
283,fleet_shared,15.085262298583984,-4.675080515297907,-4.703645904441069,1.2880176305770874
284,fleet_shared,33.704830169677734,-4.634621578099838,-4.700194688124006,1.2887541055679321
285,fleet_shared,-4.920679092407227,-4.709581320450885,-4.70066401974035,1.2838101387023926
286,fleet_shared,27.29435920715332,-4.6474637681159425,-4.698004007159129,1.2852699756622314
287,fleet_shared,-11.647909164428711,-4.720893719806764,-4.699148492791511,1.2805607318878174
288,fleet_shared,19.540172576904297,-4.659621578099839,-4.697172147056927,1.2824203968048096
289,fleet_shared,14.578300476074219,-4.667713365539453,-4.695699207981053,1.2794899940490723
290,fleet_shared,-11.260688781738281,-4.717834138486312,-4.696805954506315,1.2789474725723267
291,fleet_shared,31.25116539001465,-4.63280998389694,-4.693606155975846,1.2797095775604248
292,fleet_shared,10.32805347442627,-4.673067632850242,-4.692579229819565,1.2777178287506104
293,fleet_shared,10.355483055114746,-4.671256038647343,-4.691513070260954,1.2724913358688354
294,fleet_shared,25.547727584838867,-4.639573268921095,-4.688916080193961,1.2756493091583252
295,fleet_shared,11.075335502624512,-4.66682769726248,-4.687811661047387,1.2756640911102295
296,fleet_shared,6.273007392883301,-4.675,-4.687171077995017,1.2709699869155884
297,fleet_shared,6.7177910804748535,-4.673671497584541,-4.686496098974493,1.2720409631729126
298,fleet_shared,-0.7489287853240967,-4.687761674718197,-4.686559377761678,1.2696653604507446
299,fleet_shared,-1.3763296604156494,-4.6890901771336555,-4.686685917730276,1.2715157270431519
300,fleet_shared,2.151110887527466,-4.682045088566827,-4.686453876272104,1.2684780359268188
301,fleet_shared,16.266149520874023,-4.65378421900161,-4.684820393408579,1.2693445682525635
302,fleet_shared,-22.644529342651367,-4.728864734299517,-4.687022610453126,1.2695064544677734
303,fleet_shared,-14.515761375427246,-4.715257648953301,-4.688434362378135,1.265358567237854
304,fleet_shared,-9.45763111114502,-4.707326892109501,-4.689378988864703,1.266408920288086
305,fleet_shared,12.8081636428833,-4.663003220611916,-4.688060200452063,1.2623227834701538
306,fleet_shared,-18.138460159301758,-4.72524154589372,-4.689919267724146,1.2644379138946533
307,fleet_shared,2.3860490322113037,-4.684943639291466,-4.689670486302512,1.264431118965149
308,fleet_shared,-2.1297316551208496,-4.693599033816425,-4.689866913678207,1.2661432027816772
309,fleet_shared,-0.9027751088142395,-4.691384863123994,-4.689942811150496,1.2643203735351562
310,fleet_shared,21.892793655395508,-4.646175523349436,-4.687754446760444,1.2665306329727173
311,fleet_shared,-29.28528594970703,-4.747342995169082,-4.690733874180876,1.263059139251709
312,fleet_shared,10.228388786315918,-4.670209339774558,-4.689707647460559,1.2667180299758911
313,fleet_shared,20.62906837463379,-4.648349436392915,-4.687639736907177,1.2649073600769043
314,fleet_shared,17.277982711791992,-4.653743961352657,-4.685944948129451,1.2684968709945679
315,fleet_shared,-12.648601531982422,-4.710587761674718,-4.687177088806713,1.266856074333191
316,fleet_shared,46.90465545654297,-4.589452495974235,-4.682290859165089,1.2673476934432983
317,fleet_shared,23.259735107421875,-4.635708534621578,-4.679961742937914,1.2686805725097656
318,fleet_shared,-4.393157958984375,-4.688365539452495,-4.680381932763644,1.2669422626495361
319,fleet_shared,-9.199305534362793,-4.698993558776167,-4.6813125140642695,1.2661828994750977
320,fleet_shared,25.2007999420166,-4.628623188405797,-4.678678047781346,1.2662254571914673
321,fleet_shared,28.299867630004883,-4.619766505636071,-4.675732470674081,1.266058325767517
322,fleet_shared,21.42902183532715,-4.631320450885667,-4.673511869684661,1.265520453453064
323,fleet_shared,-20.40458869934082,-4.713929146537842,-4.675532733527319,1.264230489730835
324,fleet_shared,14.428569793701172,-4.645531400966184,-4.6740326668992624,1.2587367296218872
325,fleet_shared,-12.999902725219727,-4.699919484702093,-4.675327007789404,1.260618805885315
326,fleet_shared,28.60725212097168,-4.616384863123994,-4.672379900556133,1.2560580968856812
327,fleet_shared,0.8893184661865234,-4.670330112721418,-4.672277411164397,1.2543233633041382
328,fleet_shared,10.704582214355469,-4.650080515297907,-4.671167566371072,1.25179922580719
329,fleet_shared,-1.4234328269958496,-4.673792270531401,-4.671298801579089,1.2514978647232056
330,fleet_shared,14.700124740600586,-4.640056360708534,-4.669736679535561,1.2488460540771484
331,fleet_shared,-17.27581214904785,-4.703099838969404,-4.671404837507253,1.2489897012710571
332,fleet_shared,14.664030075073242,-4.641425120772947,-4.669905851670538,1.2439593076705933
333,fleet_shared,11.24418830871582,-4.646940418679549,-4.668757580020988,1.2444595098495483
334,fleet_shared,11.529451370239258,-4.644444444444445,-4.667541923242161,1.2419332265853882
335,fleet_shared,18.404972076416016,-4.6300322061191626,-4.665666437386011,1.2390365600585938
336,fleet_shared,21.858736038208008,-4.619726247987117,-4.663369427916066,1.2392246723175049
337,fleet_shared,13.985367774963379,-4.634138486312399,-4.661907880835882,1.2370800971984863
338,fleet_shared,-4.770452976226807,-4.671537842190016,-4.662389378903589,1.2364002466201782
339,fleet_shared,-10.435358047485352,-4.682890499194847,-4.663414434918151,1.2378392219543457
340,fleet_shared,27.856904983520508,-4.604549114331723,-4.660471168888829,1.232676386833191
341,fleet_shared,11.734039306640625,-4.635386473429952,-4.659216934115885,1.2302273511886597
342,fleet_shared,-5.831582069396973,-4.670732689210951,-4.659792721870637,1.2299542427062988
343,fleet_shared,4.219506740570068,-4.650684380032206,-4.659337304778715,1.2253844738006592
344,fleet_shared,-2.5693812370300293,-4.664371980676328,-4.659589038573595,1.2245396375656128
345,fleet_shared,3.1752772331237793,-4.652737520128824,-4.659246462651357,1.2227846384048462
346,fleet_shared,1.26923406124115,-4.656400966183575,-4.6591041878279675,1.2228716611862183
347,fleet_shared,-7.710310935974121,-4.674677938808373,-4.659882875376987,1.2219713926315308
348,fleet_shared,16.02855682373047,-4.626932367149759,-4.658235349965626,1.2208149433135986
349,fleet_shared,-7.201132297515869,-4.672785829307569,-4.6589628739327225,1.2181628942489624
350,fleet_shared,7.469090938568115,-4.643276972624799,-4.658178578867326,1.2170203924179077
351,fleet_shared,-1.1325955390930176,-4.660305958132045,-4.658284947830562,1.2190200090408325
352,fleet_shared,14.169589042663574,-4.628099838969404,-4.656775692387503,1.2176281213760376
353,fleet_shared,-21.512348175048828,-4.7012077294685986,-4.658997294241558,1.2144050598144531
354,fleet_shared,37.105411529541016,-4.578260869565217,-4.65496047300774,1.2117884159088135
355,fleet_shared,15.234041213989258,-4.622181964573269,-4.653321547586016,1.2119765281677246
356,fleet_shared,9.157586097717285,-4.6336956521739125,-4.65234025281541,1.211501955986023
357,fleet_shared,21.82136344909668,-4.606561996779388,-4.650051340013609,1.2082802057266235
358,fleet_shared,23.589448928833008,-4.600080515297906,-4.647552798777824,1.2076517343521118
359,fleet_shared,-4.637251853942871,-4.657246376811594,-4.6480374776795115,1.2057998180389404
360,fleet_shared,9.81823444366455,-4.626570048309179,-4.646964106210994,1.2044316530227661
361,fleet_shared,-9.641046524047852,-4.666545893719807,-4.647943195586435,1.2059545516967773
362,fleet_shared,-8.170333862304688,-4.665136876006441,-4.648802879607435,1.201858639717102
363,fleet_shared,-17.656970977783203,-4.684420289855073,-4.650583750119816,1.2047958374023438
364,fleet_shared,22.77976417541504,-4.600563607085347,-4.648082742968093,1.200739860534668
365,fleet_shared,-5.3779988288879395,-4.659742351046699,-4.648665723372023,1.1971913576126099
366,fleet_shared,8.845009803771973,-4.62926731078905,-4.6476958027428745,1.1980881690979004
367,fleet_shared,-1.8074027299880981,-4.651328502415459,-4.647877437726503,1.1984422206878662
368,fleet_shared,16.443944931030273,-4.612278582930757,-4.646097494986716,1.1941536664962769
369,fleet_shared,22.877944946289062,-4.595692431561997,-4.643577241815479,1.191728115081787
370,fleet_shared,17.781089782714844,-4.604790660225443,-4.641637912735978,1.1927971839904785
371,fleet_shared,-16.795320510864258,-4.678260869565217,-4.64346906057744,1.1868139505386353
372,fleet_shared,-2.3048179149627686,-4.648107890499195,-4.643701002073526,1.1879087686538696
373,fleet_shared,11.759249687194824,-4.618035426731079,-4.642417723306404,1.184823751449585
374,fleet_shared,-10.577678680419922,-4.6642512077294676,-4.6435093975275565,1.1868420839309692
375,fleet_shared,-6.989045143127441,-4.658011272141707,-4.644234491258264,1.1860064268112183
376,fleet_shared,28.994884490966797,-4.580152979066022,-4.641030415648652,1.179118037223816
377,fleet_shared,-2.7160072326660156,-4.64657809983897,-4.641307799858168,1.1825854778289795
378,fleet_shared,2.0827176570892334,-4.636513687600644,-4.641068094245292,1.177369475364685
379,fleet_shared,6.746315956115723,-4.626328502415459,-4.6403311146538,1.1750696897506714
380,fleet_shared,19.809818267822266,-4.597745571658615,-4.638201837504041,1.1765190362930298
381,fleet_shared,7.369734287261963,-4.621980676328502,-4.637390779445263,1.1760958433151245
382,fleet_shared,0.9734891653060913,-4.635024154589372,-4.637272448202468,1.1751915216445923
383,fleet_shared,-3.8779897689819336,-4.645330112721417,-4.637675331428415,1.177963376045227
384,fleet_shared,-1.3130898475646973,-4.6402576489533,-4.637804447304659,1.1759358644485474
385,fleet_shared,8.3910551071167,-4.618760064412238,-4.636852228160039,1.173297643661499
386,fleet_shared,-6.239191055297852,-4.6500402576489535,-4.637511629634484,1.1749637126922607
387,fleet_shared,29.8824520111084,-4.571859903381642,-4.634229043321842,1.1762404441833496
388,fleet_shared,17.272958755493164,-4.596376811594203,-4.63233643173546,1.1721981763839722
389,fleet_shared,-7.751716613769531,-4.6484702093397745,-4.633143120615675,1.1752439737319946
390,fleet_shared,-12.04454517364502,-4.658574879227054,-4.6344147085462435,1.172215461730957
391,fleet_shared,17.3469295501709,-4.596497584541062,-4.632518852345984,1.1691482067108154
392,fleet_shared,15.651839256286621,-4.59657809983897,-4.6307218147206335,1.1694011688232422
393,fleet_shared,24.381912231445312,-4.577898550724638,-4.6280806515208335,1.1690133810043335
394,fleet_shared,3.554316759109497,-4.620128824476651,-4.627683060168624,1.1657670736312866
395,fleet_shared,1.2161632776260376,-4.6247181964573265,-4.62753481698306,1.165526032447815
396,fleet_shared,18.210416793823242,-4.586876006441224,-4.625501876455967,1.1670223474502563
397,fleet_shared,-1.911106824874878,-4.6294685990338165,-4.625700212584859,1.160712718963623
398,fleet_shared,-10.801483154296875,-4.648550724637682,-4.6268427381875,1.1609811782836914
399,fleet_shared,-9.013154983520508,-4.645692431561997,-4.627785222856225,1.1623867750167847
400,fleet_shared,-5.160787105560303,-4.638768115942029,-4.628334367510515,1.160093903541565
401,fleet_shared,17.160554885864258,-4.588164251207729,-4.626325861695376,1.157740831375122
402,fleet_shared,10.052499771118164,-4.60438808373591,-4.625228972797402,1.156050205230713
403,fleet_shared,-7.799899101257324,-4.642351046698873,-4.626085076492475,1.1545246839523315
404,fleet_shared,12.889357566833496,-4.598510466988728,-4.6247063460172875,1.1540647745132446
405,fleet_shared,-13.541887283325195,-4.653099838969404,-4.626126020664893,1.1538910865783691
406,fleet_shared,21.64741325378418,-4.577093397745572,-4.623674389518927,1.152258276939392
407,fleet_shared,-9.903457641601562,-4.645289855072464,-4.624755162796603,1.1486996412277222
408,fleet_shared,3.5268242359161377,-4.61670692431562,-4.624352750872554,1.1484028100967407
409,fleet_shared,-1.3671666383743286,-4.627214170692432,-4.624495821863548,1.1465246677398682
410,fleet_shared,-11.182599067687988,-4.6489533011272135,-4.625718695826731,1.1448767185211182
411,fleet_shared,-4.715303897857666,-4.635950080515298,-4.626230265061159,1.1449520587921143
412,fleet_shared,11.88174819946289,-4.5994363929146544,-4.624890571453833,1.1472806930541992
413,fleet_shared,-8.223856925964355,-4.64231078904992,-4.625761582333638,1.1443288326263428
414,fleet_shared,29.440996170043945,-4.558252818035427,-4.622386144118727,1.1400338411331177
415,fleet_shared,-0.31662124395370483,-4.622826086956522,-4.622408141260617,1.1420838832855225
416,fleet_shared,-7.400660514831543,-4.639331723027375,-4.623254320348955,1.1381101608276367
417,fleet_shared,1.8047981262207031,-4.618840579710144,-4.6230336333170134,1.1367840766906738
418,fleet_shared,16.490957260131836,-4.586392914653785,-4.621201597383852,1.137507677078247
419,fleet_shared,-0.2918161153793335,-4.621618357487923,-4.621222435389056,1.1350140571594238
420,fleet_shared,-8.105156898498535,-4.639049919484702,-4.622113809593838,1.1409378051757812
421,fleet_shared,20.488683700561523,-4.576086956521739,-4.619812466940233,1.1376054286956787
422,fleet_shared,15.67897891998291,-4.5857085346215785,-4.6181072703243,1.1417595148086548
423,fleet_shared,25.994094848632812,-4.55805152979066,-4.615104483297618,1.1394202709197998
424,fleet_shared,18.698678970336914,-4.575040257648953,-4.613101272015185,1.1421340703964233
425,fleet_shared,18.34343147277832,-4.57169887278583,-4.611031152053717,1.1374953985214233
426,fleet_shared,4.540213584899902,-4.600322061191626,-4.610495697510612,1.140379548072815
427,fleet_shared,4.288174629211426,-4.601167471819646,-4.610029286226064,1.141383171081543
428,fleet_shared,-37.78606033325195,-4.688607085346216,-4.613958176182072,1.143064022064209
429,fleet_shared,3.1637423038482666,-4.606642512077294,-4.613592392976833,1.1398320198059082
430,fleet_shared,-5.351101875305176,-4.625080515297907,-4.614166799092886,1.1374478340148926
431,fleet_shared,8.599061965942383,-4.595410628019324,-4.613228990539207,1.1400951147079468
432,fleet_shared,11.682951927185059,-4.5861916264090175,-4.6118771223326975,1.1337337493896484
433,fleet_shared,-14.457042694091797,-4.643115942028985,-4.613439063317512,1.1351141929626465
434,fleet_shared,-29.70718002319336,-4.67842190016103,-4.616688205159687,1.133251428604126
435,fleet_shared,13.196374893188477,-4.586876006441224,-4.615197595223764,1.1328133344650269
436,fleet_shared,18.813329696655273,-4.571739130434783,-4.613024671984315,1.1320388317108154
437,fleet_shared,5.757021427154541,-4.600040257648953,-4.612375451267546,1.1242728233337402
438,fleet_shared,35.02034378051758,-4.526247987117553,-4.608069078060046,1.1227672100067139
439,fleet_shared,0.6425716280937195,-4.606320450885668,-4.607981646701327,1.1206141710281372
440,fleet_shared,-9.8819580078125,-4.630072463768116,-4.6090861875546665,1.1143741607666016
441,fleet_shared,32.75690460205078,-4.530636070853462,-4.605163681719606,1.1112196445465088
442,fleet_shared,1.2607355117797852,-4.601892109500805,-4.605000103108666,1.1067780256271362
443,fleet_shared,2.6541929244995117,-4.598590982286635,-4.604679647067565,1.102586030960083
444,fleet_shared,8.463420867919922,-4.585265700483091,-4.603708949738341,1.1001619100570679
445,fleet_shared,-13.494422912597656,-4.633574879227052,-4.605202246212777,1.0970722436904907
446,fleet_shared,-2.7924513816833496,-4.611594202898551,-4.605521844047065,1.092895269393921
447,fleet_shared,16.496902465820312,-4.566384863123994,-4.603564995000911,1.0905636548995972
448,fleet_shared,-13.768451690673828,-4.635587761674718,-4.605166133334602,1.0898207426071167
449,fleet_shared,15.664713859558105,-4.568236714975845,-4.603319662416664,1.086839199066162
450,fleet_shared,24.51825714111328,-4.54597423510467,-4.600452391051064,1.0885263681411743
451,fleet_shared,4.118478298187256,-4.590619967793881,-4.599960769888205,1.0860668420791626
452,fleet_shared,9.367738723754883,-4.5767713365539455,-4.598801298221492,1.083132266998291
453,fleet_shared,-2.4126157760620117,-4.604227053140097,-4.599072585967422,1.0824447870254517
454,fleet_shared,5.967297554016113,-4.58450080515298,-4.598343996926699,1.0736943483352661
455,fleet_shared,14.068756103515625,-4.564452495974235,-4.596649421879076,1.0740453004837036
456,fleet_shared,11.41583251953125,-4.569565217391304,-4.595295211654687,1.0759263038635254
457,fleet_shared,18.34258460998535,-4.551167471819646,-4.593088824662934,1.0732594728469849
458,fleet_shared,17.32087516784668,-4.551006441223833,-4.590984705490979,1.0680243968963623
459,fleet_shared,24.891040802001953,-4.530676328502415,-4.587969286641552,1.072693943977356
460,fleet_shared,1.6740843057632446,-4.583816425120773,-4.587761643565512,1.0708283185958862
461,fleet_shared,16.081867218017578,-4.548309178743962,-4.585789020324435,1.0642552375793457
462,fleet_shared,8.990564346313477,-4.5650966183574875,-4.584754400226087,1.0699942111968994
463,fleet_shared,-10.780486106872559,-4.609782608695652,-4.586005810649565,1.0700875520706177
464,fleet_shared,-3.7722067832946777,-4.594323671497585,-4.586421703691967,1.0692132711410522
465,fleet_shared,-8.583797454833984,-4.605072463768115,-4.587354241695774,1.0709738731384277
466,fleet_shared,17.77754020690918,-4.54681964573269,-4.585327511897619,1.065491795539856
467,fleet_shared,-5.335341453552246,-4.597463768115942,-4.585934324708535,1.0644582509994507
468,fleet_shared,-8.076674461364746,-4.605032206119163,-4.586889218779065,1.0613963603973389
469,fleet_shared,2.1830146312713623,-4.581320450885668,-4.586610780384395,1.0596901178359985
470,fleet_shared,10.269250869750977,-4.560668276972625,-4.585313655213806,1.0599201917648315
471,fleet_shared,-3.4106030464172363,-4.593236714975845,-4.585709808201908,1.0627225637435913
472,fleet_shared,15.161364555358887,-4.550322061191626,-4.583940420851393,1.0607527494430542
473,fleet_shared,21.59265899658203,-4.532125603864734,-4.58134968000206,1.062153697013855
474,fleet_shared,24.06365966796875,-4.522665056360708,-4.578415448819993,1.0623811483383179
475,fleet_shared,-8.006095886230469,-4.597705314009662,-4.579379942079477,1.0597251653671265
476,fleet_shared,-0.17526030540466309,-4.579549114331723,-4.579388400692089,1.0624239444732666
477,fleet_shared,-8.305814743041992,-4.599235104669888,-4.580380735890979,1.0619059801101685
478,fleet_shared,-40.21318435668945,-4.674919484702093,-4.585107673331535,1.0618836879730225
479,fleet_shared,-3.1932387351989746,-4.592391304347826,-4.58547185488235,1.0603703260421753
480,fleet_shared,5.3020124435424805,-4.572624798711755,-4.58482950207382,1.059568166732788
481,fleet_shared,15.824451446533203,-4.546940418679549,-4.5829350479041056,1.0613198280334473
482,fleet_shared,6.772400856018066,-4.56610305958132,-4.582093448487965,1.063239336013794
483,fleet_shared,-10.225430488586426,-4.606159420289855,-4.58329674707806,1.0660006999969482
484,fleet_shared,20.891233444213867,-4.531642512077295,-4.580714035328021,1.0613209009170532
485,fleet_shared,7.549164772033691,-4.562962962962963,-4.579826481709768,1.0643216371536255
486,fleet_shared,-8.725489616394043,-4.6000000000000005,-4.580835157624279,1.0653079748153687
487,fleet_shared,-20.22190284729004,-4.628824476650563,-4.583234623575593,1.0628305673599243
488,fleet_shared,-1.682605266571045,-4.586916264090177,-4.583418705601321,1.0595351457595825
489,fleet_shared,14.882046699523926,-4.54963768115942,-4.581729654379226,1.0624622106552124
490,fleet_shared,24.009979248046875,-4.524838969404187,-4.578885120130473,1.0627070665359497
491,fleet_shared,-7.036459445953369,-4.59573268921095,-4.5797274985844965,1.058892011642456
492,fleet_shared,13.452733993530273,-4.546256038647344,-4.578053925587638,1.0628979206085205
493,fleet_shared,4.50631046295166,-4.567471819645733,-4.5775248202905425,1.0645684003829956
494,fleet_shared,0.6981800198554993,-4.5756038647342985,-4.5774287725127305,1.0657755136489868
495,fleet_shared,3.9253618717193604,-4.5677536231884055,-4.576945015046514,1.066091537475586
496,fleet_shared,8.016895294189453,-4.55805152979066,-4.576000340783721,1.070638656616211
497,fleet_shared,29.4884033203125,-4.506119162640902,-4.57250628187658,1.0699810981750488
498,fleet_shared,-29.712566375732422,-4.640297906602255,-4.575895863112863,1.0726487636566162
499,fleet_shared,-1.5230125188827515,-4.57938808373591,-4.576070474144015,1.0697624683380127
500,fleet_shared,-21.853742599487305,-4.627737520128823,-4.578653826443255,1.0724526643753052
